{
 "real": 0.013394954525359362,
 "family_S": [
  -0.03679274177640174,
  -0.029666803733046344,
  -0.04422703652628652
 ],
 "family_W": [
  0.03519711626883431,
  0.07501971067349422,
  0.10194802528839028
 ],
 "family_R": [
  0.008592992090877518,
  0.016556737434255512,
  0.010335104023014236
 ]
}