{
  "n_numerals": 1276,
  "first_digit_hist": {
    "1": 511,
    "2": 241,
    "3": 142,
    "4": 114,
    "5": 102,
    "6": 77,
    "7": 40,
    "8": 29,
    "9": 20
  },
  "observed_proportions": {
    "1": 0.4005,
    "2": 0.1889,
    "3": 0.1113,
    "4": 0.0893,
    "5": 0.0799,
    "6": 0.0603,
    "7": 0.0313,
    "8": 0.0227,
    "9": 0.0157
  },
  "benford_expected_proportions": {
    "1": 0.301,
    "2": 0.1761,
    "3": 0.1249,
    "4": 0.0969,
    "5": 0.0792,
    "6": 0.0669,
    "7": 0.058,
    "8": 0.0512,
    "9": 0.0458
  },
  "magnitudes_sample": [
    197,
    70,
    52,
    109,
    105,
    20,
    17,
    3,
    54,
    47,
    1,
    2,
    2,
    2,
    4,
    1,
    5,
    3,
    2,
    2,
    1,
    30,
    10,
    15,
    24,
    10,
    2,
    5,
    22,
    15,
    3,
    1,
    3,
    66,
    3,
    35,
    17,
    3,
    4,
    1,
    1,
    1,
    1,
    2,
    10,
    1,
    3,
    2,
    1,
    5,
    2,
    1,
    1,
    5,
    10,
    4,
    2,
    2,
    2,
    4,
    31,
    3,
    3,
    8,
    2,
    2,
    2,
    4,
    24,
    4,
    16,
    4,
    6,
    14,
    2,
    8,
    3,
    1,
    2,
    15,
    6,
    6,
    9,
    3,
    2,
    1,
    10,
    1,
    3,
    15,
    40,
    30,
    50,
    30,
    30,
    180,
    5,
    5,
    1,
    30,
    5,
    3,
    1,
    50,
    5,
    56,
    27,
    18,
    19,
    5,
    130,
    30,
    3,
    3,
    9,
    13,
    45,
    5,
    4,
    6,
    14,
    684,
    570,
    400,
    37,
    10,
    5,
    20,
    2,
    3,
    10,
    10,
    30,
    5,
    43,
    161,
    11,
    3,
    7,
    1,
    230,
    113,
    10,
    10,
    10,
    17,
    10,
    1,
    1,
    7,
    6,
    10,
    9,
    6,
    1,
    1,
    1,
    1,
    1,
    1,
    1,
    1,
    1,
    1,
    1,
    16,
    28,
    24,
    52,
    21,
    15,
    5,
    9,
    3,
    4,
    12,
    2,
    7,
    90,
    50,
    51,
    20,
    43,
    21,
    5,
    42,
    335,
    9,
    10,
    7,
    7,
    1,
    14,
    4,
    70,
    4,
    40,
    5,
    2,
    1
  ],
  "per_site": [
    {
      "site": "Haghia Triada",
      "n": 834,
      "mad": 0.024269,
      "band": "nonconformant",
      "chi2_p": 1.5675926926851935e-12,
      "classification": "DEVIANT"
    },
    {
      "site": "Zakros",
      "n": 126,
      "mad": 0.035732,
      "band": "nonconformant",
      "chi2_p": 0.006547154716992224,
      "classification": "DEVIANT"
    },
    {
      "site": "Khania",
      "n": 121,
      "mad": 0.043236,
      "band": "nonconformant",
      "chi2_p": 0.004464919979654961,
      "classification": "DEVIANT"
    },
    {
      "site": "Phaistos",
      "n": 37,
      "mad": 0.092402,
      "band": "nonconformant",
      "chi2_p": 9.992991575895296e-05,
      "classification": "DEVIANT"
    },
    {
      "site": "Arkhalkhori",
      "n": 33,
      "mad": 0.040712,
      "band": "nonconformant",
      "chi2_p": 0.7772884550548983,
      "classification": "CONSISTENT"
    },
    {
      "site": "Tylissos",
      "n": 31,
      "mad": 0.037913,
      "band": "nonconformant",
      "chi2_p": 0.5826859571079525,
      "classification": "CONSISTENT"
    }
  ],
  "positive_control": {
    "pc_verdict": "PASSED",
    "benford_synth_conformant": true,
    "uniform_synth_nonconformant": true,
    "false_deviant_rate": 0.0,
    "ben_synth_detail": {
      "mad": 0.005719608320978492,
      "nigrini_band": "close",
      "chi2": 5.906564572915263,
      "chi2_p": 0.6576973308237593,
      "classification": "CONSISTENT"
    },
    "uni_synth_detail": {
      "mad": 0.06412282810479114,
      "nigrini_band": "nonconformant",
      "chi2": 586.2057573181035,
      "chi2_p": 2.159726916417003e-121,
      "classification": "DEVIANT"
    },
    "n_draws": 20
  }
}