{
  "n_sites_testable": 8,
  "n_sites_sig_len": 4,
  "sig_directions": [
    1,
    -1,
    -1,
    -1
  ],
  "direction_consistent": false,
  "loo_excluded": "Haghia Triada",
  "loo_len_contrast": -0.5613013140917236,
  "loo_p": 0.0004997501249375312,
  "per_site": {
    "Haghia Triada": {
      "n_entry": 686,
      "n_nonentry": 1205,
      "len_contrast": 0.3113363899205206,
      "p": 0.0004997501249375312,
      "a_contrast": -0.005520002903354585,
      "a_p": 0.5392303848075962
    },
    "Khania": {
      "n_entry": 76,
      "n_nonentry": 292,
      "len_contrast": -0.44142033165104544,
      "p": 0.0004997501249375312,
      "a_contrast": -0.08904109589041095,
      "a_p": 0.01199400299850075
    },
    "Malia": {
      "n_entry": 25,
      "n_nonentry": 16,
      "len_contrast": -1.0775,
      "p": 0.0034982508745627187,
      "a_contrast": -0.1875,
      "a_p": 0.047476261869065464
    },
    "Phaistos": {
      "n_entry": 29,
      "n_nonentry": 81,
      "len_contrast": -0.4461472967220095,
      "p": 0.08945527236381809,
      "a_contrast": -0.06428267347807577,
      "a_p": 0.44227886056971516
    },
    "Palaikastro": {
      "n_entry": 18,
      "n_nonentry": 59,
      "len_contrast": -0.31167608286252335,
      "p": 0.5602198900549725,
      "a_contrast": -0.11393596986817325,
      "a_p": 0.27886056971514245
    },
    "Tylissos": {
      "n_entry": 28,
      "n_nonentry": 15,
      "len_contrast": -0.9214285714285715,
      "p": 0.02048975512243878,
      "a_contrast": -0.26666666666666666,
      "a_p": 0.009495252373813094
    },
    "Zakros": {
      "n_entry": 114,
      "n_nonentry": 104,
      "len_contrast": -0.17695681511471006,
      "p": 0.3313343328335832,
      "a_contrast": -0.02682186234817814,
      "a_p": 0.6296851574212894
    },
    "Arkhalkhori": {
      "n_entry": 27,
      "n_nonentry": 36,
      "len_contrast": -0.3055555555555558,
      "p": 0.4002998500749625,
      "a_contrast": -0.04629629629629631,
      "a_p": 0.7626186906546727
    }
  }
}