{
  "n_entry": 1040,
  "n_nonentry": 2107,
  "mean_len_entry": 1.8009615384615385,
  "mean_len_nonentry": 1.8599905078310395,
  "len_contrast": -0.05902896936950097,
  "len_perm_p": 0.2108945527236382,
  "a_rate_entry": 0.02980769230769231,
  "a_rate_nonentry": 0.07071665875652587,
  "a_contrast": -0.04090896644883356,
  "a_perm_p": 0.0009995002498750624
}