{
  "task": "I1",
  "seed": 20260708,
  "constitution": "v2.2",
  "as_of": "2026-07-07",
  "claim_layer_cap": "L3",
  "non_circular": true,
  "design": "balanced_fixed_granularity_swap_search",
  "grid_primary": {
    "nc": 15,
    "nv": 5
  },
  "freq_threshold": 10,
  "n_core_signs": 55,
  "n_gorila_words": 2462,
  "weights": {
    "seq": 1.0,
    "rel": 0.01,
    "form": 0.01,
    "morph": 0.01,
    "cross": 0.01
  },
  "core_signs": [
    "*118",
    "*301",
    "*306",
    "A",
    "DA",
    "DE",
    "DI",
    "DU",
    "E",
    "I",
    "JA",
    "JE",
    "JU",
    "KA",
    "KE",
    "KI",
    "KO",
    "KU",
    "MA",
    "ME",
    "MI",
    "MU",
    "NA",
    "NE",
    "NI",
    "NU",
    "O",
    "PA",
    "PA3",
    "PI",
    "PU",
    "PU2",
    "QA",
    "QE",
    "RA",
    "RA2",
    "RE",
    "RI",
    "RO",
    "RU",
    "SA",
    "SE",
    "SI",
    "SU",
    "TA",
    "TA2",
    "TE",
    "TI",
    "TO",
    "TU",
    "U",
    "WA",
    "WI",
    "ZA",
    "ZU"
  ],
  "grids_real": {
    "C12": {
      "tag": "real_C12",
      "nc": 12,
      "nv": 5,
      "n_core": 55,
      "n_train_words": 1956,
      "n_test_words": 506,
      "best_score": -3.1516669850200163,
      "best_seqLL": -3.1741879737742162,
      "components": {
        "seqLL": -3.1741879737742162,
        "relAgree": 0.2962962962962963,
        "formConsist": 1.0,
        "morphCompat": 0.2589699999381986,
        "crossCompat": 0.6968325791855203,
        "n_ab": 52
      },
      "null_mean": -3.645604510535936,
      "null_sd": 0.025548108631495127,
      "null_p99": -3.5791994305663355,
      "null_max": -3.529487139764201,
      "best_seqLL_percentile": 100.0,
      "gain_over_median": 0.4730187845122562,
      "n_beam_optima": 20,
      "n_near_optimal_distinct": 0,
      "log10_symmetry_orbit": 23.324086889103445,
      "n_occupied_cells": 25,
      "grade": {
        "n_ab": 52,
        "consonant_axis": {
          "mi": 1.2184297905838015,
          "nmi": 0.49001855582291204,
          "perm_p": 0.2353823088455772,
          "null_mean": 1.1781197113054775
        },
        "vowel_axis": {
          "mi": 0.22587559809563892,
          "nmi": 0.1439220314929432,
          "perm_p": 0.2098950524737631,
          "null_mean": 0.1819489683498072
        }
      },
      "free_diag": {
        "free_best_seqLL": -1.1620650394563143,
        "free_occupied_cells": 4
      },
      "phiC": [
        10,
        11,
        6,
        3,
        3,
        8,
        5,
        0,
        9,
        2,
        3,
        8,
        4,
        2,
        10,
        2,
        10,
        2,
        1,
        4,
        3,
        6,
        1,
        4,
        5,
        4,
        6,
        11,
        7,
        0,
        6,
        7,
        0,
        9,
        0,
        7,
        1,
        8,
        5,
        1,
        3,
        11,
        2,
        8,
        1,
        7,
        5,
        5,
        9,
        11,
        0,
        4,
        9,
        10,
        6
      ],
      "phiV": [
        2,
        1,
        1,
        4,
        0,
        2,
        4,
        3,
        2,
        4,
        0,
        3,
        3,
        4,
        1,
        4,
        1,
        4,
        0,
        3,
        0,
        3,
        0,
        3,
        4,
        3,
        2,
        0,
        1,
        2,
        2,
        1,
        2,
        2,
        0,
        1,
        0,
        3,
        4,
        0,
        4,
        3,
        4,
        2,
        0,
        1,
        4,
        0,
        1,
        3,
        2,
        2,
        1,
        3,
        1
      ],
      "mdl_total_bits": 8589.85910889283,
      "mdl_parts": {
        "assign_bits": 324.8789827584685,
        "model_bits": 1295.1557777446933,
        "data_bits": 6969.824348389669
      }
    },
    "C15": {
      "tag": "real_C15",
      "nc": 15,
      "nv": 5,
      "n_core": 55,
      "n_train_words": 1956,
      "n_test_words": 506,
      "best_score": -3.271782272027951,
      "best_seqLL": -3.2942092988037426,
      "components": {
        "seqLL": -3.2942092988037426,
        "relAgree": 0.2962962962962963,
        "formConsist": 1.0,
        "morphCompat": 0.26465675835681135,
        "crossCompat": 0.6817496229260935,
        "n_ab": 52
      },
      "null_mean": -3.7618604003607112,
      "null_sd": 0.026802369138379356,
      "null_p99": -3.693451592429853,
      "null_max": -3.636067555734235,
      "best_seqLL_percentile": 100.0,
      "gain_over_median": 0.46905359466009555,
      "n_beam_optima": 20,
      "n_near_optimal_distinct": 0,
      "log10_symmetry_orbit": 27.219642023903432,
      "n_occupied_cells": 23,
      "grade": {
        "n_ab": 52,
        "consonant_axis": {
          "mi": 1.4437420182788265,
          "nmi": 0.5583296608217873,
          "perm_p": 0.046476761619190406,
          "null_mean": 1.345247584752329
        },
        "vowel_axis": {
          "mi": 0.16526898453188596,
          "nmi": 0.10544171604719342,
          "perm_p": 0.5922038980509745,
          "null_mean": 0.1837554818621576
        }
      },
      "free_diag": {
        "free_best_seqLL": -1.162846606928583,
        "free_occupied_cells": 4
      },
      "phiC": [
        13,
        14,
        14,
        0,
        9,
        7,
        0,
        8,
        12,
        0,
        3,
        8,
        10,
        1,
        12,
        1,
        8,
        1,
        10,
        4,
        10,
        11,
        3,
        4,
        6,
        5,
        4,
        5,
        2,
        8,
        12,
        2,
        5,
        11,
        9,
        2,
        6,
        7,
        6,
        9,
        0,
        9,
        1,
        7,
        3,
        2,
        6,
        3,
        14,
        4,
        5,
        11,
        13,
        7,
        13
      ],
      "phiV": [
        0,
        0,
        0,
        2,
        3,
        1,
        2,
        1,
        4,
        2,
        3,
        4,
        4,
        2,
        0,
        2,
        1,
        2,
        3,
        1,
        3,
        0,
        3,
        1,
        2,
        1,
        4,
        1,
        0,
        4,
        4,
        0,
        4,
        4,
        3,
        0,
        3,
        1,
        2,
        3,
        2,
        3,
        2,
        1,
        3,
        0,
        2,
        3,
        0,
        1,
        4,
        4,
        4,
        1,
        0
      ],
      "mdl_total_bits": 9362.736362024087,
      "mdl_parts": {
        "assign_bits": 342.5850279772734,
        "model_bits": 1786.7863382763524,
        "data_bits": 7233.364995770462
      }
    },
    "C18": {
      "tag": "real_C18",
      "nc": 18,
      "nv": 5,
      "n_core": 55,
      "n_train_words": 1956,
      "n_test_words": 506,
      "best_score": -3.375358694097742,
      "best_seqLL": -3.3973824308923883,
      "components": {
        "seqLL": -3.3973824308923883,
        "relAgree": 0.3333333333333333,
        "formConsist": 1.0,
        "morphCompat": 0.18351998414036863,
        "crossCompat": 0.6855203619909502,
        "n_ab": 52
      },
      "null_mean": -3.8564914478574575,
      "null_sd": 0.025787160244352538,
      "null_p99": -3.7910553185213236,
      "null_max": -3.745883844828483,
      "best_seqLL_percentile": 100.0,
      "gain_over_median": 0.46033684164145816,
      "n_beam_optima": 20,
      "n_near_optimal_distinct": 0,
      "log10_symmetry_orbit": 26.820002230353502,
      "n_occupied_cells": 31,
      "grade": {
        "n_ab": 52,
        "consonant_axis": {
          "mi": 1.626309487334765,
          "nmi": 0.6044777963588945,
          "perm_p": 0.02048975512243878,
          "null_mean": 1.5216756095417217
        },
        "vowel_axis": {
          "mi": 0.20578801239600356,
          "nmi": 0.13104232686838513,
          "perm_p": 0.31084457771114443,