{
  "schemes": {
    "A_editor": {
      "n_units": 1369,
      "A_initial_obs": 155,
      "A_initial_frac": 0.1132,
      "perm_null_mean": 55.86,
      "perm_null_max": 80,
      "p_single_permute": 0.0001999600079984003,
      "maxT": {
        "signs_tested": 51,
        "obs_z": {
          "*21F": 1.33,
          "*304+PA": 2.015,
          "*306": 3.853,
          "*409": 2.207,
          "*411": 3.927,
          "*86": 2.459,
          "A": 16.737,
          "DA": 2.824,
          "DE": -1.584,
          "DI": -0.432,
          "DU": -0.48,
          "E": 0.017,
          "I": 5.673,
          "JA": 2.177,
          "JE": -0.341,
          "KA": 1.191,
          "KI": 1.741,
          "KO": 1.007,
          "KU": 6.892,
          "MA": -0.29,
          "ME": -2.783,
          "MI": -1.711,
          "NA": -6.048,
          "NE": -3.372,
          "NI": -4.026,
          "NU": -2.806,
          "O": 2.594,
          "PA": 1.672,
          "PA\u2083": -1.051,
          "PI": 0.079,
          "PU": 0.296,
          "QA": 4.746,
          "QE": 2.446,
          "RA": -4.231,
          "RE": -4.387,
          "RI": -3.071,
          "RO": -7.562,
          "RU": -3.52,
          "SA": 2.253,
          "SE": -2.436,
          "SI": 1.241,
          "SU": -2.128,
          "TA": -1.102,
          "TE": -2.575,
          "TI": -4.042,
          "TU": -0.822,
          "U": 5.688,
          "VIR+[?]": 1.795,
          "WA": -0.532,
          "WI": 2.008,
          "ZU": 0.199
        },
        "maxT_p": {
          "*21F": 0.9798040391921615,
          "*304+PA": 0.6568686262747451,
          "*306": 0.003599280143971206,
          "*409": 0.5148970205958808,
          "*411": 0.002599480103979204,
          "*86": 0.3255348930213957,
          "A": 0.0001999600079984003,
          "DA": 0.1311737652469506,
          "DE": 1.0,
          "DI": 1.0,
          "DU": 1.0,
          "E": 1.0,
          "I": 0.0001999600079984003,
          "JA": 0.5356928614277144,
          "JE": 1.0,
          "KA": 0.9938012397520496,
          "KI": 0.858628274345131,
          "KO": 0.9984003199360127,
          "KU": 0.0001999600079984003,
          "MA": 1.0,
          "ME": 1.0,
          "MI": 1.0,
          "NA": 1.0,
          "NE": 1.0,
          "NI": 1.0,
          "NU": 1.0,
          "O": 0.2425514897020596,
          "PA": 0.8912217556488702,
          "PA\u2083": 1.0,
          "PI": 1.0,
          "PU": 1.0,
          "QA": 0.0003999200159968006,
          "QE": 0.33653269346130776,
          "RA": 1.0,
          "RE": 1.0,
          "RI": 1.0,
          "RO": 1.0,
          "RU": 1.0,
          "SA": 0.46230753849230155,
          "SE": 1.0,
          "SI": 0.9916016796640672,
          "SU": 1.0,
          "TA": 1.0,
          "TE": 1.0,
          "TI": 1.0,
          "TU": 1.0,
          "U": 0.0001999600079984003,
          "VIR+[?]": 0.8402319536092782,
          "WA": 1.0,
          "WI": 0.6680663867226555,
          "ZU": 1.0
        },
        "null_max_z": 4.861,
        "top_sign": "A",
        "A_rank": 1,
        "A_maxT_p": 0.0001999600079984003,
        "A_obs_z": 16.737,
        "survivors_p01": [
          "A",
          "KU",
          "U",
          "I",
          "QA",
          "*411",
          "*306"
        ]
      },
      "A_significant_p01_single": true,
      "A_significant_p01_maxT": true,
      "A_is_top_survivor": true
    },
    "B_divider_strict": {
      "n_units": 1365,
      "A_initial_obs": 151,
      "A_initial_frac": 0.1106,
      "perm_null_mean": 53.83,
      "perm_null_max": 78,
      "p_single_permute": 0.0001999600079984003,
      "maxT": {
        "signs_tested": 50,
        "obs_z": {
          "*21F": 1.438,
          "*306": 3.768,
          "*409": 2.221,
          "*411": 3.939,
          "*86": 2.478,
          "A": 16.989,
          "DA": 3.296,
          "DE": -1.597,
          "DI": -0.031,
          "DU": -0.203,
          "E": 0.024,
          "I": 5.516,
          "JA": 2.467,
          "JE": -0.11,
          "KA": 1.648,
          "KI": 1.817,
          "KO": 1.357,
          "KU": 7.618,
          "MA": -0.028,
          "ME": -2.477,
          "MI": -1.651,
          "NA": -5.493,
          "NE": -3.166,
          "NI": -4.14,
          "NU": -2.713,
          "O": 2.281,
          "PA": 2.171,
          "PA\u2083": -0.845,
          "PI": 0.395,
          "PU": 0.442,
          "QA": 5.098,
          "QE": 2.8,
          "RA": -3.928,
          "RE": -4.387,
          "RI": -2.762,
          "RO": -7.143,
          "RU": -3.385,
          "SA": 2.716,
          "SE": -2.575,
          "SI": 1.049,
          "SU": -2.086,
          "TA": -0.977,
          "TE": -2.256,
          "TI": -3.918,
          "TU": -0.645,
          "U": 5.387,
          "VIR+[?]": 0.882,
          "WA": -0.345,
          "WI": 2.191,
          "ZU": 0.404
        },
        "maxT_p": {
          "*21F": 0.9596080783843232,
          "*306": 0.007398520295940812,
          "*409": 0.5008998200359928,
          "*411": 0.003799240151969606,
          "*86": 0.3011397720455909,
          "A": 0.0001999600079984003,
          "DA": 0.03939212157568486,
          "DE": 1.0,
          "DI": 1.0,
          "DU": 1.0,
          "E": 1.0,
          "I": 0.0001999600079984003,
          "JA": 0.3139372125574885,
          "JE": 1.0,
          "KA": 0.8912217556488702,
          "KI": 0.8094381123775245,
          "KO": 0.9762047590481904,
          "KU": 0.0001999600079984003,
          "MA": 1.0,
          "ME": 1.0,
          "MI": 1.0,
          "NA": 1.0,
          "NE": 1.0,
          "NI": 1.0,
          "NU": 1.0,
          "O": 0.45610877824435114,
          "PA": 0.5388922215556888,
          "PA\u2083": 1.0,
          "PI": 1.0,
          "PU": 1.0,
          "QA": 0.0001999600079984003,
          "QE": 0.14637072585482905,
          "RA": 1.0,
          "RE": 1.0,
          "RI": 1.0,
          "RO": 1.0,
          "RU": 1.0,
          "SA": 0.17236552689462106,
          "SE": 1.0,
          "SI": 0.9976004799040192,
          "SU": 1.0,
          "TA": 1.0,
          "TE": 1.0,
          "TI": 1.0,
          "TU": 1.0,
          "U": 0.0001999600079984003,
          "VIR+[?]": 0.9998000399920016,
          "WA": 1.0,
          "WI": 0.5154969006198761,
          "ZU": 1.0
        },
        "null_max_z": 4.561,
        "top_sign": "A",
        "A_rank": 1,
        "A_maxT_p": 0.0001999600079984003,
        "A_obs_z": 16.989,
        "survivors_p01": [
          "A",
          "KU",
          "I",
          "U",
          "QA",
          "*411",
          "*306"
        ]
      },
      "A_significant_p01_single": true,
      "A_significant_p01_maxT": true,
      "A_is_top_survivor": true
    },
    "C_numeral_anchored": {
      "n_units": 467,
      "A_initial_obs": 28,
      "A_initial_frac": 0.06,
      "perm_null_mean": 9.5,
      "perm_null_max": 18,
      "p_single_permute": 0.0001999600079984003,
      "maxT": {
        "signs_tested": 25,
        "obs_z": {
          "*306": 2.96,
          "A": 7.49,
          "DA": 3.449,
          "DI": 0.302,
          "DU": 1.711,
          "I": -0.285,
          "JA": -0.206,
          "KA": 1.924,
          "KI": -0.291,
          "KU": 6.494,
          "MA": 1.837,
          "MI": -0.985,
          "PA": 3.66,
          "PI": -0.143,
          "QA": 2.76,
          "QE": 3.283,
          "RE": -3.407,
          "RI": -0.343,
          "RU": -2.933,
          "SA": 2.756,
          "SI": 0.91,
          "TA": -0.589,
          "TE": 0.035,
          "TU": -1.536,
          "U": 2.372
        },
        "maxT_p": {
          "*306": 0.05358928214357129,
          "A": 0.0001999600079984003,
          "DA": 0.01199760047990402,
          "DI": 0.9994001199760048,
          "DU": 0.6838632273545291,
          "I": 1.0,
          "JA": 1.0,
          "KA": 0.5102979404119176,
          "KI": 1.0,
          "KU": 0.0001999600079984003,