{
 "delta_M3_under_5pct_deletion": [
  6.798565529666945,
  0.16295872136774373
 ],
 "sign_flips": 0
}