{
 "scores_bits_per_sign_mdl_charged": {
  "M0": 6.249416680089909,
  "M2": 6.834671940415621,
  "M3": 0.1468295298473148,
  "M4": 0.17479962617301137,
  "M5": 19.397573612923082,
  "M6": 1.198514143875692
 },
 "paradigm_stats": {
  "recurring_stems_with_and_without_affix": 0,
  "stems_with_2plus_distinct_affixes": 0,
  "affix_inventory": [
   "*307+*387",
   "*309",
   "*309B",
   "*309C",
   "*317",
   "*324",
   "*327",
   "*333"
  ]
 },
 "delta_M3_vs_M2": 6.687842410568306,
 "delta_M6_vs_M2": 5.636157796539929,
 "delta_M4_vs_M3": -0.02797009632569658
}