{
 "scores_bits_per_sign_mdl_charged": {
  "M0": 6.249416680089909,
  "M2": 6.834671940415621,
  "M3": 11.598477325771801,
  "M4": 11.623957009684375,
  "M5": 19.397573612923082,
  "M6": 12.650161939800174
 },
 "paradigm_stats": {
  "recurring_stems_with_and_without_affix": 0,
  "stems_with_2plus_distinct_affixes": 0,
  "affix_inventory": [
   "*307+*387",
   "*309",
   "*309B",
   "*309C",
   "*317",
   "*324",
   "*327",
   "*333"
  ]
 },
 "delta_M3_vs_M2": -4.76380538535618,
 "delta_M6_vs_M2": -5.815489999384553,
 "delta_M4_vs_M3": -0.025479683912573492
}