{
 "delta_M3_under_5pct_deletion": [
  -4.754389297993919,
  0.09261298597611325
 ],
 "sign_flips": 0
}