{
 "delta_M3_real": 6.687842410568306,
 "synthetic_band_M3": [
  5.496072638524808,
  5.796424909755772
 ],
 "p_plus1_M3": 0.004975124378109453,
 "delta_M6_real": 5.636157796539929,
 "synthetic_band_M6": [
  4.432555967393288,
  4.744493817427861
 ],
 "p_plus1_M6": 0.004975124378109453,
 "holm_alpha": 0.05,
 "holm_significant": true
}