{
 "delta_M3_real": -4.76380538535618,
 "synthetic_band_M3": [
  -6.07688429975241,
  -5.956835957763142
 ],
 "p_plus1_M3": 0.004975124378109453,
 "delta_M6_real": -5.815489999384553,
 "synthetic_band_M6": [
  -7.146027059529492,
  -7.0091743053962965
 ],
 "p_plus1_M6": 0.004975124378109453,
 "holm_alpha": 0.05,
 "holm_significant": true
}