{
  "epoch": "EPOCH-103R",
  "governing_addendum": "prereg_addendum_R.md",
  "schemes": {
    "A_editor": {
      "n_units": 1369,
      "A_initial_obs": 155,
      "A_initial_frac": 0.1132,
      "perm_null_mean": 55.81,
      "perm_null_max": 80,
      "p_single_permute": 9.999000099990002e-05,
      "maxT": {
        "signs_tested": 51,
        "n_draws": 10000,
        "obs_z": {
          "*21F": 1.339,
          "*304+PA": 2.004,
          "*306": 3.849,
          "*409": 2.22,
          "*411": 3.915,
          "*86": 2.473,
          "A": 16.58,
          "DA": 2.807,
          "DE": -1.584,
          "DI": -0.425,
          "DU": -0.476,
          "E": 0.033,
          "I": 5.532,
          "JA": 2.205,
          "JE": -0.372,
          "KA": 1.189,
          "KI": 1.737,
          "KO": 1.022,
          "KU": 6.925,
          "MA": -0.294,
          "ME": -2.762,
          "MI": -1.759,
          "NA": -5.955,
          "NE": -3.443,
          "NI": -4.02,
          "NU": -2.803,
          "O": 2.535,
          "PA": 1.638,
          "PA\u2083": -0.994,
          "PI": 0.096,
          "PU": 0.297,
          "QA": 4.882,
          "QE": 2.446,
          "RA": -4.255,
          "RE": -4.347,
          "RI": -3.074,
          "RO": -7.493,
          "RU": -3.466,
          "SA": 2.267,
          "SE": -2.402,
          "SI": 1.244,
          "SU": -2.143,
          "TA": -1.133,
          "TE": -2.537,
          "TI": -4.05,
          "TU": -0.794,
          "U": 5.646,
          "VIR+[?]": 1.808,
          "WA": -0.542,
          "WI": 2.021,
          "ZU": 0.203
        },
        "maxT_p": {
          "*21F": 0.9979002099790021,
          "*304+PA": 0.73002699730027,
          "*306": 0.0051994800519948,
          "*409": 0.541945805419458,
          "*411": 0.0040995900409959,
          "*86": 0.32966703329667035,
          "A": 9.999000099990002e-05,
          "DA": 0.1404859514048595,
          "DE": 1.0,
          "DI": 1.0,
          "DU": 1.0,
          "E": 1.0,
          "I": 9.999000099990002e-05,
          "JA": 0.5660433956604339,
          "JE": 1.0,
          "KA": 0.9994000599940006,
          "KI": 0.9228077192280771,
          "KO": 1.0,
          "KU": 9.999000099990002e-05,
          "MA": 1.0,
          "ME": 1.0,
          "MI": 1.0,
          "NA": 1.0,
          "NE": 1.0,
          "NI": 1.0,
          "NU": 1.0,
          "O": 0.28177182281771823,
          "PA": 0.956004399560044,
          "PA\u2083": 1.0,
          "PI": 1.0,
          "PU": 1.0,
          "QA": 0.00019998000199980003,
          "QE": 0.35796420357964204,
          "RA": 1.0,
          "RE": 1.0,
          "RI": 1.0,
          "RO": 1.0,
          "RU": 1.0,
          "SA": 0.48085191480851913,
          "SE": 1.0,
          "SI": 0.999000099990001,
          "SU": 1.0,
          "TA": 1.0,
          "TE": 1.0,
          "TI": 1.0,
          "TU": 1.0,
          "U": 9.999000099990002e-05,
          "VIR+[?]": 0.8832116788321168,
          "WA": 1.0,
          "WI": 0.712928707129287,
          "ZU": 1.0
        },
        "null_max_z_mean": 2.31,
        "null_max_z_p95": 3.143,
        "null_max_z_max": 4.925,
        "top_sign": "A",
        "A_rank": 1,
        "A_maxT_p": 9.999000099990002e-05,
        "A_obs_z": 16.58,
        "survivors_p01": [
          "A",
          "KU",
          "U",
          "I",
          "QA",
          "*411",
          "*306"
        ]
      },
      "A_significant_p01_single": true,
      "A_significant_p01_maxT": true,
      "A_is_top_survivor": true,
      "survivor_set_diff_vs_original": {
        "original_survivors_p01": [
          "A",
          "KU",
          "U",
          "I",
          "QA",
          "*411",
          "*306"
        ],
        "corrected_survivors_p01": [
          "A",
          "KU",
          "U",
          "I",
          "QA",
          "*411",
          "*306"
        ],
        "dropped_by_correction": [],
        "added_by_correction": []
      }
    },
    "B_divider_strict": {
      "n_units": 1365,
      "A_initial_obs": 151,
      "A_initial_frac": 0.1106,
      "perm_null_mean": 53.83,
      "perm_null_max": 78,
      "p_single_permute": 9.999000099990002e-05,
      "maxT": {
        "signs_tested": 50,
        "n_draws": 10000,
        "obs_z": {
          "*21F": 1.457,
          "*306": 3.784,
          "*409": 2.234,
          "*411": 3.907,
          "*86": 2.468,
          "A": 16.755,
          "DA": 3.277,
          "DE": -1.559,
          "DI": -0.017,
          "DU": -0.19,
          "E": 0.033,
          "I": 5.68,
          "JA": 2.486,
          "JE": -0.095,
          "KA": 1.65,
          "KI": 1.868,
          "KO": 1.332,
          "KU": 7.55,
          "MA": -0.048,
          "ME": -2.502,
          "MI": -1.643,
          "NA": -5.475,
          "NE": -3.172,
          "NI": -4.054,
          "NU": -2.679,
          "O": 2.298,
          "PA": 2.154,
          "PA\u2083": -0.794,
          "PI": 0.406,
          "PU": 0.445,
          "QA": 5.043,
          "QE": 2.775,
          "RA": -3.977,
          "RE": -4.354,
          "RI": -2.771,
          "RO": -7.04,
          "RU": -3.311,
          "SA": 2.758,
          "SE": -2.543,
          "SI": 1.055,
          "SU": -2.051,
          "TA": -0.97,
          "TE": -2.266,
          "TI": -3.924,
          "TU": -0.647,
          "U": 5.53,
          "VIR+[?]": 0.881,
          "WA": -0.357,
          "WI": 2.202,
          "ZU": 0.423
        },
        "maxT_p": {
          "*21F": 0.9891010898910109,
          "*306": 0.005699430056994301,
          "*409": 0.5389461053894611,
          "*411": 0.0036996300369963003,
          "*86": 0.34126587341265874,
          "A": 9.999000099990002e-05,
          "DA": 0.03569643035696431,
          "DE": 1.0,
          "DI": 1.0,
          "DU": 1.0,
          "E": 1.0,
          "I": 9.999000099990002e-05,
          "JA": 0.32016798320167983,
          "JE": 1.0,
          "KA": 0.9496050394960504,
          "KI": 0.8173182681731826,
          "KO": 0.9969003099690031,
          "KU": 9.999000099990002e-05,
          "MA": 1.0,
          "ME": 1.0,
          "MI": 1.0,
          "NA": 1.0,
          "NE": 1.0,
          "NI": 1.0,
          "NU": 1.0,
          "O": 0.47305269473052697,
          "PA": 0.6126387361263873,
          "PA\u2083": 1.0,
          "PI": 1.0,
          "PU": 1.0,
          "QA": 9.999000099990002e-05,
          "QE": 0.14428557144285573,
          "RA": 1.0,
          "RE": 1.0,
          "RI": 1.0,
          "RO": 1.0,
          "RU": 1.0,
          "SA": 0.1493850614938506,
          "SE": 1.0,
          "SI": 0.9999000099990001,
          "SU": 1.0,
          "TA": 1.0,
          "TE": 1.0,
          "TI": 1.0,
          "TU": 1.0,
          "U": 9.999000099990002e-05,
          "VIR+[?]": 1.0,
          "WA": 1.0,
          "WI": 0.5546445355464453,
          "ZU": 1.0
        },
        "null_max_z_mean": 2.309,
        "null_max_z_p95": 3.189,
        "null_max_z_max": 4.522,
        "top_sign": "A",
        "A_rank": 1,
        "A_maxT_p": 9.999000099990002e-05,
        "A_obs_z": 16.755,
        "survivors_p01": [
          "A",
          "KU",
          "I",
          "U",
          "QA",
          "*411",
          "*306"
        ]
      },
      "A_significant_p01_single": true,
      "A_significant_p01_maxT": true,
      "A_is_top_survivor": true,
      "survivor_set_diff_vs_original": {
        "original_survivors_p01": [
          "A",
          "KU",
          "I",
          "U",
          "QA",
          "*411",
          "*306"
        ],
        "corrected_survivors_p01": [
          "A",
          "KU",
          "I",
          "U",
          "QA",
          "*411",
          "*306"
        ],
        "dropped_by_correction": [],
        "added_by_correction": []
      }
    },
    "C_numeral_anchored": {
      "n_units": 467,
      "A_initial_obs": 28,
      "A_initial_frac": 0.06,