{
 "F_SIGN": [
  "A301",
  "A303",
  "A304",
  "A306",
  "A516",
  "A574",
  "A615",
  "A702",
  "A704",
  "A707",
  "A708",
  "A709",
  "AB01",
  "AB02",
  "AB03",
  "AB04",
  "AB06",
  "AB07",
  "AB08",
  "AB09",
  "AB10",
  "AB100",
  "AB118",
  "AB120",
  "AB13",
  "AB131",
  "AB17",
  "AB21",
  "AB22",
  "AB23",
  "AB24",
  "AB26",
  "AB27",
  "AB28",
  "AB30",
  "AB31",
  "AB37",
  "AB38",
  "AB39",
  "AB40",
  "AB41",
  "AB51",
  "AB53",
  "AB55",
  "AB56",
  "AB57",
  "AB58",
  "AB59",
  "AB60",
  "AB61",
  "AB65",
  "AB67",
  "AB69",
  "AB70",
  "AB73",
  "AB74",
  "AB77",
  "AB80",
  "AB81",
  "AB86"
 ],
 "inv_real_pvals": [
  0.006,
  0.77012,
  0.49365,
  0.68068,
  0.14505,
  0.31594,
  0.05814,
  0.90665,
  0.44996,
  0.0106,
  0.26907,
  0.55945,
  0.07599,
  0.91101,
  0.22598,
  0.46625,
  0.17008,
  0.0101,
  0.21628,
  0.10579,
  0.20748,
  0.33507,
  0.41968,
  0.30467,
  0.15792,
  0.07669,
  0.36426,
  0.61764,
  0.23558,
  0.49615,
  0.0001,
  0.007,
  0.08379,
  0.22308,
  0.10879,
  0.79062,
  0.0002,
  0.07301,
  0.27217,
  0.40336,
  0.0258,
  0.27947,
  0.17718,
  0.15588,
  0.16668,
  0.43696,
  0.13619,
  0.42996,
  0.72283,
  0.0107,
  0.60044,
  0.0319,
  0.09199,
  0.48763,
  0.09409,
  0.75052,
  0.35376,
  0.05609,
  0.57044,
  0.29993
 ],
 "sen_real_pvals": [
  0.0432,
  0.07649,
  0.78302,
  0.39425,
  0.47077,
  0.33971,
  0.45877,
  0.53767,
  0.0092,
  0.71813,
  0.41874,
  0.63694,
  0.17068,
  0.09609,
  0.37856,
  0.13179,
  0.34627,
  0.81992,
  0.55904,
  0.10179,
  0.81582,
  0.0155,
  0.18354,
  0.68683,
  0.37876,
  0.20088,
  0.60144,
  0.0226,
  0.64755,
  0.10053,
  0.9639,
  0.77582,
  0.0253,
  0.038,
  0.0257,
  0.0253,
  0.74583,
  0.2534,
  0.64684,
  0.0098,
  0.43206,
  0.30027,
  0.62014,
  0.15118,
  0.022,
  0.75702,
  0.0088,
  0.44296,
  0.30847,
  0.74543,
  0.65523,
  0.43896,
  0.07279,
  0.18168,
  0.05239,
  0.80352,
  0.50325,
  0.0404,
  0.54095,
  0.11061
 ]
}