{
 "n_signs": 116,
 "self_mrr": 0.39934712069259104,
 "self_top1": 33,
 "self_top5": 59,
 "aspect_self_mrr": 0.11255552826974469,
 "p_self": 4.999750012499375e-05,
 "chance_mrr": 0.04590660099713772,
 "ranks": {
  "A301": 1,
  "A303": 1,
  "A304": 2,
  "A305": 13,
  "A306": 7,
  "A308": 49,
  "A309": 95,
  "A310": 69,
  "A312": 48,
  "A314": 36,
  "A317": 1,
  "A318": 75,
  "A319": 72,
  "A322": 2,
  "A323": 32,
  "A325": 54,
  "A411": 6,
  "A508": 37,
  "A510": 5,
  "A516": 96,
  "A550": 38,
  "A566": 58,
  "A568": 2,
  "A571": 22,
  "A574": 1,
  "A578": 108,
  "A579": 67,
  "A606": 3,
  "A608": 2,
  "A610": 15,
  "A613": 16,
  "A614": 6,
  "A615": 8,
  "A618": 4,
  "A622": 23,
  "A624": 20,
  "A626": 30,
  "A629": 24,
  "A651": 10,
  "A701": 24,
  "A702": 26,
  "A703": 5,
  "A704": 1,
  "A705": 33,
  "A706": 3,
  "A707": 2,
  "A708": 1,
  "A709": 7,
  "AB01": 1,
  "AB02": 1,
  "AB03": 2,
  "AB04": 1,
  "AB05": 4,
  "AB06": 1,
  "AB07": 1,
  "AB08": 1,
  "AB09": 1,
  "AB10": 5,
  "AB100": 2,
  "AB11": 74,
  "AB118": 12,
  "AB120": 1,
  "AB122": 3,
  "AB123": 23,
  "AB13": 6,
  "AB131": 2,
  "AB16": 1,
  "AB164": 21,
  "AB17": 5,
  "AB180": 97,
  "AB188": 52,
  "AB21": 2,
  "AB22": 2,
  "AB23": 14,
  "AB24": 1,
  "AB26": 1,
  "AB27": 1,
  "AB28": 1,
  "AB30": 1,
  "AB302": 32,
  "AB31": 1,
  "AB34": 62,
  "AB37": 19,
  "AB38": 1,
  "AB39": 3,
  "AB40": 6,
  "AB41": 1,
  "AB44": 14,
  "AB45": 3,
  "AB46": 28,
  "AB47": 8,
  "AB50": 1,
  "AB51": 1,
  "AB53": 1,
  "AB54": 2,
  "AB55": 1,
  "AB56": 1,
  "AB57": 3,
  "AB58": 6,
  "AB59": 15,
  "AB60": 3,
  "AB61": 16,
  "AB65": 21,
  "AB66": 67,
  "AB67": 1,
  "AB69": 1,
  "AB70": 75,
  "AB73": 1,
  "AB74": 53,
  "AB76": 3,
  "AB77": 2,
  "AB78": 6,
  "AB79": 35,
  "AB80": 6,
  "AB81": 1,
  "AB86": 1
 }
}