{
  "nl_only": {
    "n_qualifying_lines": 1158,
    "p_num_last": 0.8670120898100173
  },
  "nl_plus_div": {
    "n_qualifying_lines": 1147,
    "p_num_last": 0.8657367044463818
  }
}