{
 "programme": "END_TO_END_ADAPTIVE_NULL",
 "prereg": "DI_MINO_EXACT_CLAIM_V1 (sha 8b098a4c)",
 "constitution": "v2.2",
 "seed": 20260708,
 "realization_budget": {
  "cheap": 2000,
  "moderate": 800,
  "full": 200,
  "note": "value space enumerable (13 onset outcomes) -> exact rates + MC CI"
 },
 "observed_chain": {
  "S_morph_value_invariant": true,
  "na_S_lex_rank": 21,
  "na_S_lex_n_candidates": 65,
  "na_S_lex_null_percentile": 49.0,
  "na_S_lex_below_null_mean": true,
  "na_clears_Emax": false,
  "gloss_tier_reached": "exact (dwell)",
  "dwell_hit_certain_over_search": 1.0,
  "H2_heldout_root_recurrence_divergent_sites": 0,
  "H3_dwell_beats_features": false,
  "requires_IIIy_to_IIIh_transform": true
 },
 "value_leg": {
  "onsets": [
   "",
   "d",
   "j",
   "k",
   "m",
   "n",
   "p",
   "q",
   "r",
   "s",
   "t",
   "w",
   "z"
  ],
  "per_onset": {
   "": {
    "c1": "",
    "n_roots": 6,
    "s_lex": 0.3333333333333333
   },
   "d": {
    "c1": "d",
    "n_roots": 6,
    "s_lex": 0.6666666666666666
   },
   "j": {
    "c1": "y",
    "n_roots": 6,
    "s_lex": 0.5
   },
   "k": {
    "c1": "k",
    "n_roots": 6,
    "s_lex": 0.8333333333333334
   },
   "m": {
    "c1": "m",
    "n_roots": 6,
    "s_lex": 0.8333333333333334
   },
   "n": {
    "c1": "n",
    "n_roots": 6,
    "s_lex": 0.6666666666666666
   },
   "p": {
    "c1": "p",
    "n_roots": 6,
    "s_lex": 0.6666666666666666
   },
   "q": {
    "c1": "q",
    "n_roots": 6,
    "s_lex": 0.6666666666666666
   },
   "r": {
    "c1": "r",
    "n_roots": 6,
    "s_lex": 0.8333333333333334
   },
   "s": {
    "c1": "s",
    "n_roots": 6,
    "s_lex": 0.3333333333333333
   },
   "t": {
    "c1": "t",
    "n_roots": 6,
    "s_lex": 0.6666666666666666
   },
   "w": {
    "c1": "w",
    "n_roots": 6,
    "s_lex": 0.8333333333333334
   },
   "z": {
    "c1": "z",
    "n_roots": 6,
    "s_lex": 0.6666666666666666
   }
  },
  "na_s_lex": 0.6666666666666666,
  "na_rank_over_13_onsets": 5,
  "n_onsets": 13,
  "n_strictly_better_than_na": 4,
  "n_ge_na": 10,
  "best_of_value_s_lex": 0.8333333333333334,
  "na_is_best_of_value": false,
  "onset_freq_weights": {
   "": 0.19298245614035087,
   "d": 0.05701754385964912,
   "j": 0.08114035087719298,
   "k": 0.07675438596491228,
   "m": 0.041666666666666664,
   "n": 0.1074561403508772,
   "p": 0.04824561403508772,
   "q": 0.013157894736842105,
   "r": 0.09868421052631579,
   "s": 0.10307017543859649,
   "t": 0.125,
   "w": 0.043859649122807015,
   "z": 0.010964912280701754
  }
 },
 "root_gloss_leg": {
  "value_null_strict": {
   "root_existence_rate": 0.3076923076923077,
   "dwell_tier_hit_rate": 0.0,
   "exact_or_near_rate": 0.0
  },
  "value_null_weak": {
   "root_existence_rate": 0.5384615384615384,
   "dwell_tier_hit_rate": 0.07692307692307693,
   "exact_or_near_rate": 0.07692307692307693
  },
  "value_null_weakhollow": {
   "root_existence_rate": 0.7692307692307693,
   "dwell_tier_hit_rate": 0.07692307692307693,
   "exact_or_near_rate": 0.07692307692307693
  },
  "per_onset": {
   "": {
    "root_exists_strict": false,
    "root_exists_weak": true,
    "root_exists_weakhollow": true,
    "dwell_tier_weak": false,
    "best_gloss_tier_weak": "unrelated",
    "M_gloss_free": true,
    "M_gloss_fixed_dwell": false
   },
   "d": {
    "root_exists_strict": true,
    "root_exists_weak": true,
    "root_exists_weakhollow": true,
    "dwell_tier_weak": false,
    "best_gloss_tier_weak": "unrelated",
    "M_gloss_free": true,
    "M_gloss_fixed_dwell": false
   },
   "j": {
    "root_exists_strict": false,
    "root_exists_weak": false,
    "root_exists_weakhollow": false,
    "dwell_tier_weak": false,
    "best_gloss_tier_weak": "unrelated",
    "M_gloss_free": false,
    "M_gloss_fixed_dwell": false
   },
   "k": {
    "root_exists_strict": true,
    "root_exists_weak": true,
    "root_exists_weakhollow": true,
    "dwell_tier_weak": false,
    "best_gloss_tier_weak": "unrelated",
    "M_gloss_free": true,
    "M_gloss_fixed_dwell": false
   },
   "m": {
    "root_exists_strict": false,
    "root_exists_weak": false,
    "root_exists_weakhollow": true,
    "dwell_tier_weak": false,
    "best_gloss_tier_weak": "unrelated",
    "M_gloss_free": true,
    "M_gloss_fixed_dwell": false
   },
   "n": {
    "root_exists_strict": false,
    "root_exists_weak": true,
    "root_exists_weakhollow": true,
    "dwell_tier_weak": true,
    "best_gloss_tier_weak": "exact",
    "M_gloss_free": true,
    "M_gloss_fixed_dwell": true
   },
   "p": {
    "root_exists_strict": false,
    "root_exists_weak": false,
    "root_exists_weakhollow": false,
    "dwell_tier_weak": false,
    "best_gloss_tier_weak": "unrelated",
    "M_gloss_free": false,
    "M_gloss_fixed_dwell": false
   },
   "q": {
    "root_exists_strict": true,
    "root_exists_weak": true,
    "root_exists_weakhollow": true,
    "dwell_tier_weak": false,
    "best_gloss_tier_weak": "unrelated",
    "M_gloss_free": true,
    "M_gloss_fixed_dwell": false
   },
   "r": {
    "root_exists_strict": true,
    "root_exists_weak": true,
    "root_exists_weakhollow": true,
    "dwell_tier_weak": false,
    "best_gloss_tier_weak": "unrelated",
    "M_gloss_free": true,
    "M_gloss_fixed_dwell": false
   },
   "s": {
    "root_exists_strict": false,
    "root_exists_weak": false,
    "root_exists_weakhollow": true,
    "dwell_tier_weak": false,
    "best_gloss_tier_weak": "unrelated",
    "M_gloss_free": true,
    "M_gloss_fixed_dwell": false
   },
   "t": {
    "root_exists_strict": false,
    "root_exists_weak": true,
    "root_exists_weakhollow": true,
    "dwell_tier_weak": false,
    "best_gloss_tier_weak": "unrelated",
    "M_gloss_free": true,
    "M_gloss_fixed_dwell": false
   },
   "w": {
    "root_exists_strict": false,
    "root_exists_weak": false,
    "root_exists_weakhollow": false,
    "dwell_tier_weak": false,
    "best_gloss_tier_weak": "unrelated",
    "M_gloss_free": false,
    "M_gloss_fixed_dwell": false
   },
   "z": {
    "root_exists_strict": false,
    "root_exists_weak": false,
    "root_exists_weakhollow": true,
    "dwell_tier_weak": false,
    "best_gloss_tier_weak": "unrelated",
    "M_gloss_free": true,
    "M_gloss_fixed_dwell": false
   }
  }
 },
 "stochastic_legs": {
  "eps_NED": 0.34,
  "n_realizations": 2000,
  "s_lex_Lfake_mean_reconstructed": 0.99,
  "s_lex_Lfake_frac_ge1_reconstructed": 0.99,
  "s_lex_Lfake_mean_FROZEN_CANARY": 1.0,
  "s_lex_packard_permuted_mean_reconstructed": 0.99,
  "s_lex_packard_permuted_mean_FROZEN_CANARY": 0.9791666666666666,
  "random_segmentation_scorable_root_rate": 0.8075,
  "edit_distance_channel_verdict": "NO_POWER",
  "interpretation": "The authoritative L_fake/Packard floor is the FROZEN canary (mean 1.00 / 0.98): a near-match to n-w-y is guaranteed in any dense Semitic-shaped lexicon, so the 'match-exists' channel reads search-attractiveness, not cognacy. The independent reconstruction here reconfirms a HIGH floor (0.99) under the same dense-root regime. Root EXISTENCE rests on the BDB-cited B1 table, NOT this edit-distance statistic."
 },
 "morph_leg": {
  "S_morph_score": 0.27380952380952384,
  "value_invariant": true,
  "score_301_literal": 0.27380952380952384,
  "score_301_relabelled": 0.27380952380952384,
  "verdict": "NO_DISCRIMINATIVE_POWER_FOR_VALUE",
  "note": "random morphological parses induced by relabelling *301 leave S_morph identical -> the primary held-out statistic cannot distinguish /na/ from any of the other 64 values (framing constraint \u00a71)."
 },
 "monte_carlo": {
  "random_uniform": {
   "N": 200,
   "M_root_rate": 0.735,
   "M_gloss_free_rate": 0.735,
   "M_gloss_fixed_dwell_rate": 0.06,
   "M_gloss_free_wilson95": [
    0.6698229773344889,
    0.7913193998839003
   ],
   "M_gloss_fixed_wilson95": [
    0.03465184990127151,
    0.10193263530685089
   ]
  },
  "frequency_matched": {
   "N": 200,
   "M_root_rate": 0.85,
   "M_gloss_free_rate": 0.85,
   "M_gloss_fixed_dwell_rate": 0.105,