{
 "POSTHOC": true,
 "note": "labeled post-hoc; frozen verdict untouched",
 "PH1_doc_disjoint_leg2": {
  "n_signs": 115,
  "self_mrr": 0.38879776490063567,
  "self_top1": 32,
  "self_top5": 59,
  "aspect_self_mrr": 0.07855835760893531,
  "p_self": 4.999750012499375e-05,
  "chance_mrr": 0.04630269447962304
 },
 "PH2_class_breakdown_evenodd": {
  "AB": {
   "n": 68,
   "mrr": 0.5126012257335301,
   "top5": 43
  },
  "A3xx_dark": {
   "n": 16,
   "mrr": 0.27442558151937746,
   "top5": 5
  },
  "A_other": {
   "n": 32,
   "mrr": 0.22114291706720207,
   "top5": 11
  }
 },
 "PH2_class_breakdown_docdisjoint": {
  "AB": {
   "n": 68,
   "mrr": 0.4908881741072419,
   "top5": 42
  },
  "A3xx_dark": {
   "n": 15,
   "mrr": 0.22695791342621385,
   "top5": 3
  },
  "A_other": {
   "n": 32,
   "mrr": 0.24771807571523285,
   "top5": 14
  }
 },
 "PH3_leg1_hits": {
  "top1": [
   "ME",
   "SA",
   "TWE"
  ],
  "top5": [
   [
    "DE",
    5
   ],
   [
    "DI",
    2
   ],
   [
    "JE",
    2
   ],
   [
    "ME",
    1
   ],
   [
    "NI",
    5
   ],
   [
    "PA",
    3
   ],
   [
    "PI",
    2
   ],
   [
    "RO",
    2
   ],
   [
    "SA",
    1
   ],
   [
    "SE",
    3
   ],
   [
    "TO",
    2
   ],
   [
    "TWE",
    1
   ],
   [
    "WA",
    4
   ],
   [
    "WI",
    2
   ]
  ],
  "worst5": [
   [
    "MI",
    71
   ],
   [
    "QE",
    65
   ],
   [
    "SU",
    63
   ],
   [
    "JA",
    58
   ],
   [
    "QI",
    57
   ]
  ]
 }
}