{
 "positive_control": {
  "low": {
   "random": 0.04526543518056249,
   "unigram": 0.04210351139956731,
   "forward": 0.0765518389083042,
   "backward": 0.08037943085371942,
   "bp_bidir": 0.10500915293726078,
   "bp_loopy": 0.10284573140289566
  },
  "high": {
   "random": 0.03840448327014999,
   "unigram": 0.06461183451458712,
   "forward": 0.2673479479149497,
   "backward": 0.2778968188561068,
   "bp_bidir": 0.4896983682215263,
   "bp_loopy": 0.48837975935388167
  }
 },
 "pc_detects": true,
 "linear_b": {
  "random": 0.002809415337889142,
  "unigram": 0.04373576309794989,
  "forward": 0.15155656795747913,
  "backward": 0.15816249050873196,
  "bp_bidir": 0.27904328018223234,
  "bp_loopy": 0.3065299924069856
 },
 "linear_b_degraded_to_la_scale": {
  "random": 0.003924646781789639,
  "unigram": 0.0565149136577708,
  "forward": 0.15306122448979592,
  "backward": 0.15698587127158556,
  "bp_bidir": 0.21350078492935637,
  "bp_loopy": 0.1970172684458399
 },
 "linear_a": {
  "random": 0.016351118760757316,
  "unigram": 0.0576592082616179,
  "forward": 0.12134251290877797,
  "backward": 0.10413080895008606,
  "bp_bidir": 0.08691910499139414,
  "bp_loopy": 0.0378657487091222
 },
 "config": {
  "methods": [
   "random",
   "unigram",
   "forward",
   "backward",
   "bp_bidir",
   "bp_loopy"
  ],
  "damping": 0.5,
  "split": "0.7/0.3",
  "task": "held-out masked-sign top-1 accuracy",
  "la_scale_tokens": 4245
 },
 "verdict": "ECC_BP_SUPPORTED",
 "rationale": "BP message-passing beats BOTH the unigram baseline AND single-direction local context on blinded LB (bp 0.307 vs local 0.158 vs unigram 0.044) -- combining bidirectional + higher-order redundancy recovers masked signs beyond local context. L2 (sign identity, no phonetic values).",
 "layer": "L2",
 "licences_changed": "none",
 "la_touched": true,
 "runtime_sec": 1.3,
 "plan_hash": "a6217b483f644221a003815d3b2cf4e7a0f8b969e1313edc052801ce88203809",
 "epoch_id": "EPOCH-097",
 "la_transfer": {
  "best_local": 0.12134251290877797,
  "best_bp": 0.08691910499139414,
  "unigram": 0.0576592082616179,
  "bp_beats_local": false,
  "loopy_harmful": true,
  "verdict": "LA_TRANSFER_NEGATIVE",
  "note": "On real LA, forward-bigram (0.121) beats BP (0.087); loopy BP (0.038) is below unigram (0.058) -- higher-order redundancy is harmful on LA sparse/longer words. LB calibration SUPPORTED does NOT transfer."
 },
 "code_manifest": {
  "e097_ecc_bp.py": "6197ab343b68be02"
 }
}